id,age,department,performance
1,30,Accounting,28
2,46,Research and Development,73
3,47,Services,49
4,43,Research and Development,89
5,39,Training,43
6,37,Research and Development,57
7,39,Legal,71
8,33,Training,40
9,43,Business Development,99
10,38,Human Resources,12
11,47,Product Management,14
12,34,Business Development,22
13,45,Product Management,13
14,37,Human Resources,2
15,34,Engineering,35
16,46,Product Management,66
17,32,Support,23
18,36,Training,35
19,35,Services,15
20,41,Research and Development,90
21,35,Engineering,70
22,38,Business Development,17
23,42,Accounting,99
24,41,Sales,32
25,50,Accounting,8
26,41,Accounting,66
27,44,Training,95
28,31,Sales,94
29,41,Support,79
30,46,Accounting,75
31,30,Services,12
32,48,Human Resources,54
33,42,Services,47
34,43,Business Development,25
35,32,Business Development,58
36,45,Support,100
37,50,Research and Development,7
38,47,Accounting,64
39,49,Product Management,37
40,45,Legal,30
41,42,Training,75
42,46,Marketing,9
43,36,Engineering,33
44,49,Business Development,35
45,41,Training,46
46,36,Legal,8
47,33,Legal,45
48,42,Engineering,83
49,44,Engineering,69
50,40,Research and Development,28
51,39,Business Development,26
52,35,Product Management,84
53,44,Product Management,37
54,44,Engineering,74
55,43,Engineering,80
56,41,Sales,64
57,46,Engineering,30
58,31,Human Resources,99
59,31,Research and Development,87
60,31,Product Management,80
61,41,Research and Development,11
62,37,Business Development,34
63,36,Product Management,30
64,46,Product Management,70
65,45,Sales,99
66,35,Human Resources,30
67,46,Marketing,76
68,32,Human Resources,42
69,41,Legal,89
70,48,Marketing,13
71,30,Training,19
72,37,Business Development,8
73,45,Human Resources,92
74,30,Human Resources,34
75,37,Services,51
76,46,Research and Development,33
77,35,Sales,88
78,41,Business Development,59
79,37,Legal,90
80,49,Research and Development,95
81,31,Training,85
82,39,Product Management,77
83,45,Services,21
84,39,Training,98
85,45,Business Development,14
86,30,Engineering,9
87,33,Marketing,91
88,45,Support,67
89,50,Business Development,23
90,38,Support,57
91,39,Product Management,80
92,37,Sales,52
93,44,Marketing,64
94,35,Training,70
95,41,Engineering,47
96,33,Business Development,1
97,50,Business Development,40
98,33,Research and Development,22
99,39,Services,21
100,43,Accounting,26
101,42,Services,42
102,35,Engineering,36
103,33,Legal,27
104,32,Services,60
105,48,Sales,13
106,43,Accounting,14
107,40,Support,26
108,40,Marketing,18
109,50,Training,99
110,39,Training,42
111,38,Human Resources,49
112,34,Research and Development,72
113,37,Accounting,2
114,34,Support,72
115,45,Business Development,65
116,34,Human Resources,93
117,32,Support,33
118,48,Product Management,43
119,34,Research and Development,23
120,50,Training,23
121,46,Research and Development,14
122,38,Services,41
123,40,Product Management,83
124,38,Human Resources,12
125,47,Business Development,9
126,46,Legal,71
127,41,Sales,76
128,49,Research and Development,70
129,44,Human Resources,54
130,36,Services,58
131,40,Legal,70
132,42,Product Management,34
133,39,Product Management,38
134,42,Training,62
135,35,Sales,61
136,30,Marketing,63
137,35,Business Development,22
138,48,Legal,59
139,32,Training,86
140,41,Human Resources,93
141,48,Accounting,18
142,36,Business Development,16
143,47,Training,29
144,39,Product Management,43
145,39,Research and Development,97
146,49,Services,87
147,49,Research and Development,41
148,36,Services,71
149,42,Product Management,71
150,36,Accounting,7
151,30,Product Management,55
152,35,Accounting,17
153,35,Accounting,26
154,41,Human Resources,97
155,36,Services,21
156,33,Services,3
157,45,Support,61
158,42,Product Management,86
159,50,Marketing,54
160,43,Research and Development,43
161,44,Marketing,74
162,33,Services,14
163,35,Accounting,39
164,36,Accounting,72
165,50,Accounting,19
166,37,Support,36
167,33,Training,39
168,40,Marketing,12
169,39,Legal,66
170,48,Legal,29
171,40,Services,36
172,44,Sales,31
173,47,Sales,41
174,44,Business Development,52
175,30,Business Development,8
176,32,Product Management,6
177,38,Engineering,49
178,34,Accounting,34
179,42,Training,28
180,47,Human Resources,59
181,40,Research and Development,47
182,41,Training,88
183,31,Product Management,29
184,50,Research and Development,100
185,38,Services,67
186,39,Marketing,57
187,31,Sales,56
188,46,Business Development,13
189,38,Support,95
190,34,Legal,46
191,31,Legal,59
192,37,Business Development,48
193,31,Legal,72
194,49,Legal,20
195,44,Support,28
196,35,Business Development,24
197,44,Services,86
198,36,Accounting,57
199,45,Legal,36
200,45,Sales,15
201,43,Training,77
202,37,Human Resources,24
203,36,Product Management,73
204,46,Engineering,10
205,44,Product Management,95
206,41,Marketing,71
207,35,Engineering,35
208,49,Marketing,39
209,39,Support,65
210,30,Accounting,76
211,31,Product Management,35
212,30,Sales,34
213,40,Training,78
214,49,Human Resources,95
215,39,Human Resources,18
216,36,Support,75
217,40,Engineering,19
218,48,Legal,80
219,30,Research and Development,37
220,49,Marketing,21
221,48,Research and Development,91
222,41,Research and Development,34
223,42,Marketing,27
224,37,Legal,45
225,42,Sales,92
226,42,Product Management,42
227,49,Sales,94
228,37,Product Management,44
229,36,Support,74
230,43,Marketing,52
231,32,Support,3
232,39,Research and Development,39
233,37,Services,96
234,44,Marketing,95
235,47,Product Management,2
236,36,Training,52
237,45,Product Management,20
238,47,Human Resources,11
239,42,Research and Development,26
240,39,Marketing,49
241,43,Sales,24
242,41,Engineering,41
243,38,Legal,64
244,45,Product Management,30
245,37,Services,21
246,37,Accounting,84
247,35,Product Management,67
248,33,Product Management,61
249,50,Sales,5
250,37,Training,3
251,49,Engineering,99
252,33,Product Management,54
253,33,Legal,60
254,32,Support,97
255,50,Services,60
256,46,Services,95
257,48,Sales,38
258,40,Marketing,6
259,48,Support,22
260,46,Training,73
261,34,Sales,96
262,33,Business Development,52
263,34,Human Resources,55
264,48,Sales,8
265,37,Marketing,99
266,42,Support,87
267,32,Research and Development,59
268,45,Support,100
269,34,Services,25
270,48,Accounting,70
271,38,Sales,78
272,33,Business Development,49
273,46,Research and Development,70
274,32,Accounting,79
275,38,Training,6
276,43,Training,82
277,32,Product Management,76
278,49,Product Management,50
279,39,Marketing,71
280,43,Training,83
281,47,Training,24
282,34,Services,97
283,31,Human Resources,88
284,36,Training,61
285,48,Marketing,71
286,38,Accounting,3
287,43,Services,21
288,36,Sales,46
289,30,Accounting,19
290,32,Legal,88
291,35,Services,74
292,43,Training,61
293,30,Engineering,2
294,32,Human Resources,82
295,37,Business Development,21
296,40,Business Development,94
297,37,Human Resources,45
298,44,Product Management,54
299,50,Services,48
300,32,Services,74
301,35,Training,73
302,40,Sales,76
303,37,Support,34
304,36,Support,71
305,33,Product Management,5
306,30,Marketing,64
307,32,Research and Development,85
308,38,Legal,8
309,38,Accounting,7
310,41,Product Management,7
311,40,Product Management,49
312,47,Product Management,47
313,46,Legal,22
314,50,Marketing,51
315,41,Product Management,65
316,31,Research and Development,56
317,34,Training,53
318,46,Training,99
319,37,Legal,13
320,49,Accounting,54
321,38,Training,100
322,37,Business Development,98
323,37,Training,10
324,33,Product Management,1
325,33,Business Development,2
326,32,Business Development,73
327,39,Engineering,15
328,30,Sales,69
329,41,Support,10
330,37,Human Resources,33
331,31,Training,39
332,42,Human Resources,70
333,34,Services,14
334,44,Human Resources,68
335,50,Human Resources,35
336,48,Business Development,2
337,35,Accounting,69
338,32,Legal,93
339,45,Engineering,33
340,31,Sales,69
341,48,Support,1
342,33,Engineering,85
343,31,Product Management,2
344,38,Business Development,44
345,47,Marketing,12
346,42,Sales,43
347,48,Marketing,84
348,49,Product Management,29
349,41,Sales,35
350,34,Accounting,58
351,38,Support,14
352,36,Product Management,87
353,45,Product Management,76
354,30,Legal,27
355,40,Business Development,31
356,43,Accounting,26
357,44,Legal,96
358,50,Product Management,25
359,37,Marketing,59
360,50,Marketing,94
361,49,Business Development,78
362,33,Sales,48
363,41,Support,20
364,41,Human Resources,62
365,34,Research and Development,75
366,50,Legal,29
367,46,Legal,98
368,39,Marketing,5
369,41,Services,71
370,37,Business Development,95
371,38,Sales,79
372,34,Product Management,20
373,47,Support,71
374,35,Human Resources,22
375,42,Research and Development,96
376,43,Product Management,51
377,34,Marketing,50
378,37,Research and Development,58
379,32,Business Development,55
380,45,Business Development,46
381,30,Sales,12
382,36,Accounting,78
383,43,Research and Development,16
384,44,Product Management,4
385,30,Product Management,1
386,41,Engineering,63
387,50,Human Resources,45
388,30,Services,97
389,43,Legal,29
390,49,Engineering,94
391,49,Human Resources,25
392,44,Legal,22
393,30,Human Resources,35
394,46,Legal,54
395,30,Sales,74
396,36,Human Resources,11
397,35,Sales,89
398,33,Support,38
399,44,Legal,68
400,44,Legal,1
401,42,Sales,24
402,37,Accounting,95
403,48,Business Development,29
404,45,Support,74
405,37,Services,68
406,48,Accounting,76
407,34,Accounting,66
408,32,Services,51
409,39,Research and Development,38
410,47,Accounting,1
411,34,Legal,28
412,43,Product Management,15
413,45,Research and Development,96
414,42,Human Resources,7
415,30,Legal,48
416,43,Engineering,73
417,36,Business Development,72
418,33,Marketing,9
419,48,Business Development,8
420,43,Marketing,46
421,36,Marketing,13
422,41,Human Resources,34
423,30,Marketing,28
424,46,Marketing,30
425,45,Services,57
426,35,Legal,52
427,31,Research and Development,17
428,48,Training,12
429,47,Accounting,72
430,45,Product Management,54
431,38,Training,83
432,35,Services,83
433,39,Research and Development,12
434,48,Research and Development,71
435,48,Training,71
436,45,Human Resources,77
437,33,Legal,55
438,48,Training,34
439,41,Engineering,82
440,38,Marketing,62
441,38,Product Management,87
442,46,Accounting,90
443,38,Engineering,8
444,41,Product Management,15
445,32,Business Development,26
446,31,Human Resources,55
447,35,Engineering,74
448,38,Support,4
449,41,Research and Development,30
450,39,Support,64
451,46,Engineering,13
452,42,Engineering,97
453,44,Marketing,59
454,42,Human Resources,13
455,46,Support,63
456,42,Legal,28
457,30,Support,57
458,48,Engineering,88
459,33,Sales,65
460,41,Legal,41
461,32,Product Management,34
462,35,Training,52
463,40,Support,80
464,39,Support,88
465,30,Product Management,99
466,43,Research and Development,100
467,40,Accounting,17
468,48,Services,23
469,50,Human Resources,2
470,44,Support,75
471,42,Engineering,66
472,46,Services,36
473,40,Research and Development,52
474,42,Legal,71
475,31,Engineering,6
476,38,Services,19
477,35,Business Development,81
478,30,Marketing,15
479,37,Product Management,97
480,32,Marketing,89
481,40,Legal,82
482,44,Sales,12
483,40,Engineering,13
484,47,Business Development,49
485,38,Marketing,26
486,45,Services,100
487,38,Engineering,70
488,47,Support,12
489,35,Engineering,25
490,50,Training,10
491,48,Accounting,34
492,31,Engineering,7
493,40,Engineering,25
494,50,Product Management,90
495,35,Product Management,73
496,35,Accounting,64
497,38,Business Development,45
498,31,Services,85
499,32,Engineering,34
500,34,Accounting,75
501,42,Legal,25
502,46,Accounting,48
503,44,Engineering,13
504,49,Product Management,70
505,43,Engineering,4
506,38,Human Resources,34
507,46,Support,90
508,39,Support,17
509,50,Engineering,18
510,34,Product Management,6
511,47,Marketing,65
512,30,Engineering,53
513,33,Support,74
514,39,Engineering,34
515,37,Product Management,34
516,46,Services,63
517,32,Services,15
518,47,Sales,42
519,44,Business Development,7
520,42,Legal,80
521,38,Training,51
522,40,Training,1
523,38,Business Development,87
524,34,Support,59
525,40,Product Management,82
526,39,Sales,3
527,38,Product Management,4
528,33,Services,30
529,38,Research and Development,35
530,34,Sales,31
531,46,Legal,83
532,34,Services,27
533,31,Sales,83
534,44,Legal,12
535,45,Legal,68
536,42,Research and Development,8
537,34,Business Development,9
538,49,Training,96
539,38,Product Management,77
540,46,Engineering,58
541,36,Support,38
542,35,Human Resources,11
543,34,Human Resources,11
544,34,Services,80
545,37,Marketing,40
546,37,Accounting,13
547,48,Legal,76
548,42,Business Development,1
549,39,Accounting,47
550,32,Sales,25
551,35,Training,54
552,44,Sales,43
553,34,Marketing,70
554,36,Engineering,17
555,41,Marketing,8
556,37,Product Management,35
557,34,Product Management,47
558,34,Marketing,94
559,42,Sales,13
560,49,Research and Development,25
561,48,Support,8
562,38,Research and Development,37
563,35,Human Resources,76
564,36,Accounting,75
565,37,Business Development,47
566,50,Training,37
567,31,Engineering,38
568,43,Services,68
569,37,Product Management,87
570,37,Support,87
571,42,Training,39
572,35,Engineering,66
573,30,Services,39
574,40,Human Resources,12
575,41,Services,77
576,44,Human Resources,89
577,50,Support,83
578,40,Accounting,19
579,48,Support,85
580,42,Marketing,13
581,47,Engineering,9
582,37,Services,78
583,38,Human Resources,34
584,38,Legal,90
585,48,Product Management,98
586,33,Business Development,87
587,38,Product Management,39
588,35,Services,82
589,33,Training,19
590,39,Legal,24
591,30,Accounting,95
592,31,Business Development,87
593,39,Product Management,32
594,46,Legal,58
595,39,Accounting,42
596,49,Human Resources,69
597,48,Legal,21
598,42,Legal,22
599,36,Training,44
600,37,Training,63
601,41,Business Development,6
602,48,Marketing,29
603,49,Legal,85
604,48,Human Resources,92
605,44,Sales,3
606,39,Accounting,84
607,31,Sales,28
608,50,Research and Development,32
609,33,Legal,66
610,35,Services,51
611,31,Research and Development,10
612,32,Product Management,31
613,48,Services,81
614,46,Legal,38
615,39,Human Resources,74
616,37,Legal,76
617,43,Support,43
618,36,Marketing,80
619,50,Accounting,37
620,36,Business Development,56
621,44,Accounting,45
622,35,Sales,2
623,46,Business Development,31
624,46,Marketing,40
625,38,Accounting,17
626,47,Human Resources,29
627,49,Training,47
628,39,Sales,74
629,45,Human Resources,49
630,42,Training,75
631,31,Research and Development,66
632,37,Research and Development,22
633,32,Research and Development,83
634,46,Training,44
635,32,Services,1
636,49,Legal,40
637,31,Training,50
638,50,Human Resources,45
639,47,Human Resources,95
640,46,Training,94
641,31,Business Development,9
642,37,Research and Development,3
643,48,Research and Development,61
644,36,Legal,87
645,47,Legal,95
646,39,Support,25
647,37,Services,35
648,44,Research and Development,46
649,31,Support,82
650,34,Legal,45
651,44,Product Management,65
652,48,Sales,31
653,42,Human Resources,64
654,41,Services,60
655,42,Sales,6
656,43,Sales,26
657,43,Training,47
658,39,Support,53
659,33,Product Management,34
660,49,Sales,41
661,42,Accounting,51
662,42,Sales,13
663,46,Business Development,32
664,44,Engineering,45
665,47,Services,100
666,33,Human Resources,43
667,35,Support,10
668,30,Engineering,47
669,39,Training,40
670,44,Services,28
671,38,Human Resources,29
672,45,Marketing,61
673,43,Product Management,80
674,50,Business Development,30
675,44,Engineering,55
676,33,Training,62
677,45,Product Management,35
678,34,Research and Development,73
679,41,Human Resources,33
680,45,Support,9
681,48,Legal,45
682,42,Human Resources,63
683,42,Services,92
684,48,Training,34
685,49,Legal,48
686,31,Training,70
687,32,Services,75
688,30,Accounting,7
689,42,Sales,42
690,47,Business Development,68
691,30,Product Management,21
692,38,Sales,20
693,36,Engineering,94
694,45,Product Management,51
695,48,Sales,47
696,42,Services,31
697,34,Training,27
698,48,Product Management,91
699,41,Accounting,13
700,44,Legal,12
701,41,Legal,97
702,46,Business Development,66
703,49,Product Management,43
704,42,Business Development,23
705,41,Marketing,87
706,46,Training,97
707,48,Marketing,20
708,43,Business Development,78
709,36,Business Development,87
710,33,Support,93
711,50,Legal,8
712,49,Sales,34
713,37,Support,72
714,31,Research and Development,81
715,39,Sales,33
716,48,Business Development,45
717,31,Training,31
718,30,Product Management,35
719,37,Services,12
720,36,Research and Development,100
721,45,Business Development,55
722,37,Research and Development,52
723,30,Engineering,71
724,40,Services,29
725,34,Sales,58
726,45,Training,94
727,40,Services,14
728,43,Marketing,81
729,45,Sales,2
730,46,Engineering,25
731,48,Business Development,35
732,43,Sales,55
733,44,Legal,13
734,35,Services,16
735,47,Sales,65
736,42,Business Development,64
737,37,Legal,97
738,31,Support,14
739,32,Sales,93
740,37,Accounting,5
741,48,Business Development,90
742,41,Engineering,34
743,37,Product Management,30
744,46,Accounting,26
745,30,Human Resources,4
746,45,Support,44
747,35,Sales,27
748,48,Legal,67
749,37,Support,4
750,47,Engineering,42
751,50,Product Management,28
752,50,Training,9
753,46,Services,15
754,50,Services,22
755,42,Engineering,38
756,37,Support,67
757,32,Human Resources,71
758,37,Engineering,53
759,40,Business Development,97
760,36,Legal,12
761,43,Legal,34
762,34,Support,44
763,50,Business Development,61
764,36,Services,93
765,39,Research and Development,82
766,38,Sales,25
767,40,Training,33
768,33,Product Management,34
769,30,Human Resources,16
770,47,Human Resources,45
771,50,Services,97
772,44,Support,66
773,30,Research and Development,11
774,32,Business Development,71
775,44,Training,8
776,33,Marketing,78
777,50,Product Management,33
778,39,Research and Development,56
779,48,Product Management,50
780,34,Services,8
781,30,Sales,78
782,38,Engineering,23
783,50,Support,22
784,36,Marketing,52
785,46,Research and Development,67
786,30,Accounting,100
787,49,Sales,34
788,48,Product Management,66
789,49,Accounting,99
790,41,Human Resources,41
791,38,Research and Development,49
792,41,Sales,47
793,45,Accounting,68
794,46,Training,92
795,50,Legal,69
796,50,Engineering,32
797,42,Services,91
798,37,Sales,81
799,44,Support,66
800,30,Legal,52
801,35,Research and Development,56
802,31,Marketing,21
803,37,Business Development,34
804,38,Product Management,18
805,32,Training,86
806,44,Business Development,64
807,44,Legal,24
808,38,Engineering,74
809,35,Marketing,79
810,42,Business Development,75
811,39,Research and Development,56
812,34,Product Management,93
813,34,Sales,58
814,35,Support,94
815,46,Accounting,28
816,41,Product Management,92
817,43,Support,87
818,47,Training,20
819,49,Product Management,94
820,35,Human Resources,64
821,44,Human Resources,87
822,37,Legal,61
823,30,Engineering,77
824,47,Support,34
825,49,Sales,57
826,34,Research and Development,57
827,41,Research and Development,90
828,43,Training,39
829,34,Training,41
830,46,Marketing,69
831,50,Legal,18
832,34,Human Resources,44
833,34,Engineering,71
834,45,Accounting,30
835,31,Business Development,61
836,30,Business Development,40
837,49,Services,21
838,33,Training,36
839,42,Marketing,5
840,37,Legal,68
841,34,Product Management,73
842,32,Research and Development,19
843,48,Accounting,68
844,44,Human Resources,74
845,31,Accounting,37
846,36,Sales,31
847,42,Product Management,83
848,32,Engineering,94
849,40,Business Development,19
850,38,Marketing,36
851,50,Training,34
852,47,Support,40
853,39,Accounting,69
854,33,Human Resources,62
855,49,Training,77
856,34,Engineering,95
857,33,Services,23
858,48,Sales,77
859,47,Business Development,41
860,34,Business Development,23
861,35,Legal,82
862,34,Human Resources,66
863,37,Legal,28
864,49,Training,8
865,31,Business Development,19
866,36,Accounting,61
867,39,Marketing,30
868,50,Human Resources,84
869,48,Engineering,77
870,38,Research and Development,15
871,40,Business Development,16
872,49,Accounting,56
873,37,Accounting,10
874,39,Legal,43
875,36,Human Resources,76
876,36,Accounting,97
877,50,Support,37
878,33,Legal,60
879,48,Human Resources,92
880,35,Sales,72
881,31,Support,78
882,33,Accounting,5
883,37,Business Development,63
884,44,Marketing,36
885,33,Human Resources,81
886,33,Product Management,49
887,48,Business Development,52
888,49,Legal,86
889,38,Services,84
890,49,Engineering,83
891,49,Engineering,58
892,33,Support,1
893,38,Support,23
894,40,Product Management,2
895,41,Business Development,48
896,40,Services,92
897,40,Product Management,100
898,37,Support,37
899,40,Services,23
900,31,Accounting,9
901,41,Training,100
902,42,Research and Development,58
903,48,Legal,32
904,38,Accounting,49
905,31,Services,40
906,33,Services,69
907,47,Research and Development,84
908,41,Accounting,15
909,40,Training,11
910,30,Marketing,57
911,40,Services,10
912,39,Accounting,2
913,44,Sales,41
914,35,Sales,71
915,42,Training,46
916,41,Support,31
917,49,Research and Development,62
918,50,Engineering,56
919,47,Training,3
920,45,Support,85
921,48,Engineering,12
922,34,Accounting,22
923,46,Sales,23
924,35,Product Management,79
925,45,Research and Development,94
926,41,Human Resources,75
927,48,Services,77
928,49,Support,64
929,43,Engineering,87
930,36,Business Development,29
931,35,Product Management,30
932,42,Engineering,64
933,38,Human Resources,59
934,42,Research and Development,81
935,50,Support,94
936,37,Research and Development,1
937,43,Engineering,14
938,41,Legal,35
939,35,Sales,85
940,38,Sales,4
941,40,Support,79
942,33,Support,41
943,31,Legal,93
944,47,Accounting,41
945,40,Research and Development,90
946,48,Training,85
947,39,Support,76
948,49,Marketing,73
949,39,Support,81
950,41,Business Development,51
951,48,Business Development,34
952,47,Services,50
953,47,Engineering,1
954,39,Accounting,50
955,45,Accounting,87
956,47,Marketing,28
957,45,Services,51
958,32,Support,21
959,44,Support,33
960,46,Support,7
961,45,Services,90
962,49,Sales,55
963,32,Training,15
964,30,Product Management,33
965,49,Human Resources,98
966,36,Legal,77
967,32,Support,57
968,40,Training,16
969,47,Business Development,33
970,40,Engineering,83
971,49,Legal,91
972,49,Business Development,78
973,38,Business Development,63
974,48,Human Resources,68
975,39,Business Development,46
976,50,Legal,30
977,32,Training,44
978,46,Business Development,22
979,38,Human Resources,87
980,38,Sales,21
981,36,Human Resources,69
982,34,Sales,99
983,34,Research and Development,66
984,36,Training,60
985,43,Business Development,51
986,41,Support,98
987,48,Human Resources,14
988,31,Accounting,23
989,45,Support,87
990,44,Marketing,46
991,48,Business Development,87
992,44,Training,33
993,47,Legal,35
994,33,Legal,6
995,37,Services,22
996,39,Sales,17
997,33,Human Resources,11
998,42,Support,48
999,47,Business Development,30
1000,35,Services,65
